ticker,model,feature,importance
AAPL,RandomForest,return_1d,0.00015822025531936004
AAPL,RandomForest,return_5d,0.000690851601304003
AAPL,RandomForest,return_10d,0.0006650221577189773
AAPL,RandomForest,return_20d,0.0013743451937254568
AAPL,RandomForest,log_return_1d,0.00025960686776927637
AAPL,RandomForest,price_change,0.0003850201208655404
AAPL,RandomForest,high_low_spread,0.0008041709738852563
AAPL,RandomForest,open_close_spread,0.00033363415162378874
AAPL,RandomForest,sma_5,0.0007274668373144542
AAPL,RandomForest,sma_10,0.0004915518525722885
AAPL,RandomForest,sma_20,0.0017032319113627573
AAPL,RandomForest,sma_50,0.016682464782650907
AAPL,RandomForest,sma_100,0.03395085482549571
AAPL,RandomForest,ema_12,0.0003852243161101935
AAPL,RandomForest,ema_26,0.001710483747057836
AAPL,RandomForest,rsi_14,0.0024229465781556024
AAPL,RandomForest,macd,0.006502983270081843
AAPL,RandomForest,macd_signal,0.01893150002339368
AAPL,RandomForest,macd_hist,0.0034485948609551194
AAPL,RandomForest,momentum_10,0.005191031971506232
AAPL,RandomForest,roc_10,0.0006335595689765539
AAPL,RandomForest,roc_20,0.0008736170622679644
AAPL,RandomForest,roc_60,0.010282467772013216
AAPL,RandomForest,stoch_k_14,0.0005740043588028706
AAPL,RandomForest,stoch_d_3,0.0030702430052018566
AAPL,RandomForest,williams_r_14,0.0002894264555185856
AAPL,RandomForest,cci_20,0.001624892289880371
AAPL,RandomForest,bb_percent_b_20,0.0007088010711381986
AAPL,RandomForest,bb_bandwidth_20,0.012767010696554929
AAPL,RandomForest,donchian_pos_20,0.0026802318571811225
AAPL,RandomForest,rolling_std_10,0.0171298834336481
AAPL,RandomForest,rolling_std_20,0.0596394548255237
AAPL,RandomForest,rolling_std_60,0.0663008547572702
AAPL,RandomForest,atr_14,0.055553621266811834
AAPL,RandomForest,adx_14,0.008334966656494408
AAPL,RandomForest,sharpe_20,0.0026579421074460104
AAPL,RandomForest,sharpe_60,0.007354677061680361
AAPL,RandomForest,volume_change,0.000520210666039364
AAPL,RandomForest,volume_sma_20,0.0005442535507862559
AAPL,RandomForest,volume_zscore_20,0.0005128617185931119
AAPL,RandomForest,dollar_volume_20,0.11034314354587066
AAPL,RandomForest,obv,0.3799293542998846
AAPL,RandomForest,close_to_52w_high,0.015535759667298426
AAPL,RandomForest,close_to_52w_low,0.13886740499328237
AAPL,RandomForest,price_position_252d,0.006452151012966723
AAPL,CatBoostRegressor,return_1d,0.03346130118225352
AAPL,CatBoostRegressor,return_5d,0.13194164419867357
AAPL,CatBoostRegressor,return_10d,0.1433633299919926
AAPL,CatBoostRegressor,return_20d,0.37131523997975346
AAPL,CatBoostRegressor,log_return_1d,0.0026253103741259746
AAPL,CatBoostRegressor,price_change,0.2307622221730114
AAPL,CatBoostRegressor,high_low_spread,0.20237417863135457
AAPL,CatBoostRegressor,open_close_spread,0.010056381761812217
AAPL,CatBoostRegressor,sma_5,0.21321430166587502
AAPL,CatBoostRegressor,sma_10,0.1396922241085124
AAPL,CatBoostRegressor,sma_20,0.2091291834431033
AAPL,CatBoostRegressor,sma_50,0.6818783439403568
AAPL,CatBoostRegressor,sma_100,2.0652707355006203
AAPL,CatBoostRegressor,ema_12,0.11986523382859231
AAPL,CatBoostRegressor,ema_26,0.20539064946429017
AAPL,CatBoostRegressor,rsi_14,0.28361118750273207
AAPL,CatBoostRegressor,macd,1.2205300364169642
AAPL,CatBoostRegressor,macd_signal,1.4514118732847432
AAPL,CatBoostRegressor,macd_hist,0.8352878722117321
AAPL,CatBoostRegressor,momentum_10,1.462633122811884
AAPL,CatBoostRegressor,roc_10,0.0810438744834428
AAPL,CatBoostRegressor,roc_20,0.21092234463823464
AAPL,CatBoostRegressor,roc_60,1.9901230709473376
AAPL,CatBoostRegressor,stoch_k_14,0.0
AAPL,CatBoostRegressor,stoch_d_3,0.10733069077300578
AAPL,CatBoostRegressor,williams_r_14,0.017149499670352855
AAPL,CatBoostRegressor,cci_20,0.3873558679721348
AAPL,CatBoostRegressor,bb_percent_b_20,0.06996053435678992
AAPL,CatBoostRegressor,bb_bandwidth_20,1.4963067354143702
AAPL,CatBoostRegressor,donchian_pos_20,0.12568443084284975
AAPL,CatBoostRegressor,rolling_std_10,2.5511895195789256
AAPL,CatBoostRegressor,rolling_std_20,5.874182332526697
AAPL,CatBoostRegressor,rolling_std_60,11.679095122901225
AAPL,CatBoostRegressor,atr_14,3.063157115806612
AAPL,CatBoostRegressor,adx_14,3.0860841383629567
AAPL,CatBoostRegressor,sharpe_20,0.26166380614379625
AAPL,CatBoostRegressor,sharpe_60,1.8454056938562742
AAPL,CatBoostRegressor,volume_change,0.0
AAPL,CatBoostRegressor,volume_sma_20,0.058496471110525444
AAPL,CatBoostRegressor,volume_zscore_20,0.08299309956234523
AAPL,CatBoostRegressor,dollar_volume_20,17.987114592053153
AAPL,CatBoostRegressor,obv,20.08764143503433
AAPL,CatBoostRegressor,close_to_52w_high,1.5738240836768027
AAPL,CatBoostRegressor,close_to_52w_low,12.99190842525479
AAPL,CatBoostRegressor,price_position_252d,4.357552742560658
AAPL,CatBoostClassifier,return_1d,0.14428957972756715
AAPL,CatBoostClassifier,return_5d,0.16831243818972688
AAPL,CatBoostClassifier,return_10d,0.28804836614092005
AAPL,CatBoostClassifier,return_20d,0.6105514614027848
AAPL,CatBoostClassifier,log_return_1d,0.06773432476972935
AAPL,CatBoostClassifier,price_change,1.0125479654633305
AAPL,CatBoostClassifier,high_low_spread,0.5197825145967093
AAPL,CatBoostClassifier,open_close_spread,0.2673384565444925
AAPL,CatBoostClassifier,sma_5,0.8581427495348022
AAPL,CatBoostClassifier,sma_10,0.35676204177935233
AAPL,CatBoostClassifier,sma_20,0.45917277180285104
AAPL,CatBoostClassifier,sma_50,1.7710865540522505
AAPL,CatBoostClassifier,sma_100,4.1497422911321005
AAPL,CatBoostClassifier,ema_12,0.2680293947930998
AAPL,CatBoostClassifier,ema_26,0.4706974729024461
AAPL,CatBoostClassifier,rsi_14,0.7841650611165725
AAPL,CatBoostClassifier,macd,1.1387698474805301
AAPL,CatBoostClassifier,macd_signal,1.2150336349083752
AAPL,CatBoostClassifier,macd_hist,0.7127200479819608
AAPL,CatBoostClassifier,momentum_10,3.0456170430971263
AAPL,CatBoostClassifier,roc_10,0.7451954398162524
AAPL,CatBoostClassifier,roc_20,0.7850013172692459
AAPL,CatBoostClassifier,roc_60,2.813781853965904
AAPL,CatBoostClassifier,stoch_k_14,0.17642050401160644
AAPL,CatBoostClassifier,stoch_d_3,0.5135059977845514
AAPL,CatBoostClassifier,williams_r_14,0.246383159864026
AAPL,CatBoostClassifier,cci_20,0.5533725262258699
AAPL,CatBoostClassifier,bb_percent_b_20,0.3578932070188208
AAPL,CatBoostClassifier,bb_bandwidth_20,1.8563657611634867
AAPL,CatBoostClassifier,donchian_pos_20,0.5008823778575698
AAPL,CatBoostClassifier,rolling_std_10,1.212136649607243
AAPL,CatBoostClassifier,rolling_std_20,3.3696427140553458
AAPL,CatBoostClassifier,rolling_std_60,12.620686484380016
AAPL,CatBoostClassifier,atr_14,1.5274221242380521
AAPL,CatBoostClassifier,adx_14,4.937927090949018
AAPL,CatBoostClassifier,sharpe_20,0.7850528598241254
AAPL,CatBoostClassifier,sharpe_60,2.9533703886314724
AAPL,CatBoostClassifier,volume_change,0.1852839265538564
AAPL,CatBoostClassifier,volume_sma_20,0.70331883424185
AAPL,CatBoostClassifier,volume_zscore_20,1.3817930283792783
AAPL,CatBoostClassifier,dollar_volume_20,12.427592127520654
AAPL,CatBoostClassifier,obv,5.468217475818038
AAPL,CatBoostClassifier,close_to_52w_high,2.6864942499760684
AAPL,CatBoostClassifier,close_to_52w_low,19.96744526659012
AAPL,CatBoostClassifier,price_position_252d,2.916270616840791
AXP,RandomForest,return_1d,0.00016283344866321347
AXP,RandomForest,return_5d,0.000703283377657237
AXP,RandomForest,return_10d,0.0010189931161425844
AXP,RandomForest,return_20d,0.0014343107022092314
AXP,RandomForest,log_return_1d,0.00019625831215482607
AXP,RandomForest,price_change,0.00025451135940253303
AXP,RandomForest,high_low_spread,0.0019639103388311018
AXP,RandomForest,open_close_spread,0.00012031792713202326
AXP,RandomForest,sma_5,0.0009616847801107345
AXP,RandomForest,sma_10,0.000971143132140971
AXP,RandomForest,sma_20,0.0015518953719335193
AXP,RandomForest,sma_50,0.0061559620375820565
AXP,RandomForest,sma_100,0.014678482263876776
AXP,RandomForest,ema_12,0.001205601382768341
AXP,RandomForest,ema_26,0.0009540924230172804
AXP,RandomForest,rsi_14,0.0024139408723803622
AXP,RandomForest,macd,0.006789969738194624
AXP,RandomForest,macd_signal,0.008250215278697993
AXP,RandomForest,macd_hist,0.006101276356857298
AXP,RandomForest,momentum_10,0.002763680179930534
AXP,RandomForest,roc_10,0.000574034581212881
AXP,RandomForest,roc_20,0.001073330083321696
AXP,RandomForest,roc_60,0.030891101509599797
AXP,RandomForest,stoch_k_14,0.0001764897520410341
AXP,RandomForest,stoch_d_3,0.0004963239577826535
AXP,RandomForest,williams_r_14,0.00031516976979001414
AXP,RandomForest,cci_20,0.005132442011718379
AXP,RandomForest,bb_percent_b_20,0.0008776272897899777
AXP,RandomForest,bb_bandwidth_20,0.008037939930820453
AXP,RandomForest,donchian_pos_20,0.0011032658290691009
AXP,RandomForest,rolling_std_10,0.00488444268185987
AXP,RandomForest,rolling_std_20,0.015157614291924441
AXP,RandomForest,rolling_std_60,0.32150354482147875
AXP,RandomForest,atr_14,0.010127444442864607
AXP,RandomForest,adx_14,0.012986066786006625
AXP,RandomForest,sharpe_20,0.007391750682863364
AXP,RandomForest,sharpe_60,0.04307898597274887
AXP,RandomForest,volume_change,0.0003373347137394149
AXP,RandomForest,volume_sma_20,0.0006559794280172033
AXP,RandomForest,volume_zscore_20,0.0005879624005870968
AXP,RandomForest,dollar_volume_20,0.07726310213012492
AXP,RandomForest,obv,0.022897593745404635
AXP,RandomForest,close_to_52w_high,0.0844037813323395
AXP,RandomForest,close_to_52w_low,0.22038073510466105
AXP,RandomForest,price_position_252d,0.07101357435055049
AXP,CatBoostRegressor,return_1d,0.029534686560464242
AXP,CatBoostRegressor,return_5d,0.05505272977368007
AXP,CatBoostRegressor,return_10d,0.18120823449186674
AXP,CatBoostRegressor,return_20d,0.14499706959605838
AXP,CatBoostRegressor,log_return_1d,0.011541055976648583
AXP,CatBoostRegressor,price_change,0.03371622552558677
AXP,CatBoostRegressor,high_low_spread,0.06276035525565214
AXP,CatBoostRegressor,open_close_spread,0.010221702007413671
AXP,CatBoostRegressor,sma_5,0.0779024173634717
AXP,CatBoostRegressor,sma_10,0.07813380931581547
AXP,CatBoostRegressor,sma_20,0.3963661989637528
AXP,CatBoostRegressor,sma_50,0.3017066253988372
AXP,CatBoostRegressor,sma_100,0.7155152059414628
AXP,CatBoostRegressor,ema_12,0.11762758412794025
AXP,CatBoostRegressor,ema_26,0.29037498892759434
AXP,CatBoostRegressor,rsi_14,0.3794870786900007
AXP,CatBoostRegressor,macd,0.108877762054029
AXP,CatBoostRegressor,macd_signal,0.35047991003873763
AXP,CatBoostRegressor,macd_hist,0.7926388547749769
AXP,CatBoostRegressor,momentum_10,0.287001505170091
AXP,CatBoostRegressor,roc_10,0.15940516194804805
AXP,CatBoostRegressor,roc_20,0.1348147755148558
AXP,CatBoostRegressor,roc_60,1.4046291821997643
AXP,CatBoostRegressor,stoch_k_14,0.005749059148847396
AXP,CatBoostRegressor,stoch_d_3,0.0259487202032372
AXP,CatBoostRegressor,williams_r_14,0.04928072510833057
AXP,CatBoostRegressor,cci_20,0.40322743949416834
AXP,CatBoostRegressor,bb_percent_b_20,0.09039095724442096
AXP,CatBoostRegressor,bb_bandwidth_20,1.7386603975783042
AXP,CatBoostRegressor,donchian_pos_20,0.052682491691712484
AXP,CatBoostRegressor,rolling_std_10,0.5475503185632694
AXP,CatBoostRegressor,rolling_std_20,2.1488060487187193
AXP,CatBoostRegressor,rolling_std_60,32.73368695621118
AXP,CatBoostRegressor,atr_14,0.5743925663733849
AXP,CatBoostRegressor,adx_14,2.343725123346259
AXP,CatBoostRegressor,sharpe_20,0.3772298373909787
AXP,CatBoostRegressor,sharpe_60,2.6220043382003415
AXP,CatBoostRegressor,volume_change,0.0037073655277608053
AXP,CatBoostRegressor,volume_sma_20,0.07803229747526194
AXP,CatBoostRegressor,volume_zscore_20,0.032462495329390814
AXP,CatBoostRegressor,dollar_volume_20,12.207949066454809
AXP,CatBoostRegressor,obv,3.0489025040607354
AXP,CatBoostRegressor,close_to_52w_high,12.788037668648142
AXP,CatBoostRegressor,close_to_52w_low,18.192897075174262
AXP,CatBoostRegressor,price_position_252d,3.8106834284397255
AXP,CatBoostClassifier,return_1d,0.015164782570101598
AXP,CatBoostClassifier,return_5d,0.2852330561352227
AXP,CatBoostClassifier,return_10d,0.1610144125564332
AXP,CatBoostClassifier,return_20d,0.20889903847192312
AXP,CatBoostClassifier,log_return_1d,0.04257306254771351
AXP,CatBoostClassifier,price_change,0.011312787114137527
AXP,CatBoostClassifier,high_low_spread,0.11522541209858314
AXP,CatBoostClassifier,open_close_spread,0.010169818839494511
AXP,CatBoostClassifier,sma_5,0.2200320421724046
AXP,CatBoostClassifier,sma_10,0.19889188594217397
AXP,CatBoostClassifier,sma_20,0.2483192692333275
AXP,CatBoostClassifier,sma_50,0.8334738566129847
AXP,CatBoostClassifier,sma_100,1.2433790112081766
AXP,CatBoostClassifier,ema_12,0.2273038749287211
AXP,CatBoostClassifier,ema_26,0.3311957295361566
AXP,CatBoostClassifier,rsi_14,0.5792756085890924
AXP,CatBoostClassifier,macd,0.836345706409787
AXP,CatBoostClassifier,macd_signal,3.7749880401778215
AXP,CatBoostClassifier,macd_hist,1.761198339059105
AXP,CatBoostClassifier,momentum_10,0.39112460427986456
AXP,CatBoostClassifier,roc_10,0.35732554950954865
AXP,CatBoostClassifier,roc_20,0.44579704913308404
AXP,CatBoostClassifier,roc_60,2.5786375615979096
AXP,CatBoostClassifier,stoch_k_14,0.25194927805529255
AXP,CatBoostClassifier,stoch_d_3,0.42022746313074627
AXP,CatBoostClassifier,williams_r_14,0.14849833310839838
AXP,CatBoostClassifier,cci_20,0.6429080079048405
AXP,CatBoostClassifier,bb_percent_b_20,0.5352838183049525
AXP,CatBoostClassifier,bb_bandwidth_20,2.3736029711505062
AXP,CatBoostClassifier,donchian_pos_20,0.18070113536201637
AXP,CatBoostClassifier,rolling_std_10,1.1009805207352397
AXP,CatBoostClassifier,rolling_std_20,2.908599253942154
AXP,CatBoostClassifier,rolling_std_60,19.507279842158404
AXP,CatBoostClassifier,atr_14,3.1744268344300464
AXP,CatBoostClassifier,adx_14,5.180303460506375
AXP,CatBoostClassifier,sharpe_20,0.702264567997006
AXP,CatBoostClassifier,sharpe_60,2.617177444236783
AXP,CatBoostClassifier,volume_change,0.3185034805621269
AXP,CatBoostClassifier,volume_sma_20,0.31694237998526653
AXP,CatBoostClassifier,volume_zscore_20,0.19088049686374622
AXP,CatBoostClassifier,dollar_volume_20,11.862901900659708
AXP,CatBoostClassifier,obv,3.046203786282977
AXP,CatBoostClassifier,close_to_52w_high,13.400514921463698
AXP,CatBoostClassifier,close_to_52w_low,13.80566290594487
AXP,CatBoostClassifier,price_position_252d,2.437306698491054
KO,RandomForest,return_1d,0.00022382599496214813
KO,RandomForest,return_5d,0.0013160391160156257
KO,RandomForest,return_10d,0.001180561933602594
KO,RandomForest,return_20d,0.002499622999389796
KO,RandomForest,log_return_1d,0.0003824240332119547
KO,RandomForest,price_change,0.0003875880596865121
KO,RandomForest,high_low_spread,0.0028532984192917673
KO,RandomForest,open_close_spread,0.0007429673075034951
KO,RandomForest,sma_5,0.002138225362418537
KO,RandomForest,sma_10,0.0016130737935870613
KO,RandomForest,sma_20,0.0022200553827456896
KO,RandomForest,sma_50,0.015216943089187591
KO,RandomForest,sma_100,0.06409364800014448
KO,RandomForest,ema_12,0.0005749760148379153
KO,RandomForest,ema_26,0.002852072190545795
KO,RandomForest,rsi_14,0.009096680435822065
KO,RandomForest,macd,0.01379968466889339
KO,RandomForest,macd_signal,0.03846498719921542
KO,RandomForest,macd_hist,0.005793196967849917
KO,RandomForest,momentum_10,0.004361130493862934
KO,RandomForest,roc_10,0.001201050779602585
KO,RandomForest,roc_20,0.0016860228083606787
KO,RandomForest,roc_60,0.015162861809563338
KO,RandomForest,stoch_k_14,0.0005354724529902464
KO,RandomForest,stoch_d_3,0.003123311751935072
KO,RandomForest,williams_r_14,0.0005634558037722217
KO,RandomForest,cci_20,0.003931866037898896
KO,RandomForest,bb_percent_b_20,0.0012849513476428879
KO,RandomForest,bb_bandwidth_20,0.012067248427417637
KO,RandomForest,donchian_pos_20,0.0019744601605844437
KO,RandomForest,rolling_std_10,0.027007411184074057
KO,RandomForest,rolling_std_20,0.05082435913933965
KO,RandomForest,rolling_std_60,0.08223881061461369
KO,RandomForest,atr_14,0.03623996804636493
KO,RandomForest,adx_14,0.04407913738973729
KO,RandomForest,sharpe_20,0.00807734641914504
KO,RandomForest,sharpe_60,0.034128809732538026
KO,RandomForest,volume_change,0.0005388963088193669
KO,RandomForest,volume_sma_20,0.0024962888603373384
KO,RandomForest,volume_zscore_20,0.003032907056713714
KO,RandomForest,dollar_volume_20,0.09426652361748336
KO,RandomForest,obv,0.048341498827957
KO,RandomForest,close_to_52w_high,0.019415362709329257
KO,RandomForest,close_to_52w_low,0.10726241325115335
KO,RandomForest,price_position_252d,0.23070856399985112
KO,CatBoostRegressor,return_1d,0.016980824031917197
KO,CatBoostRegressor,return_5d,0.09086814022794178
KO,CatBoostRegressor,return_10d,0.1382107588416919
KO,CatBoostRegressor,return_20d,0.9735524349501808
KO,CatBoostRegressor,log_return_1d,0.06088605332119021
KO,CatBoostRegressor,price_change,0.04631082869214976
KO,CatBoostRegressor,high_low_spread,0.4485581443658642
KO,CatBoostRegressor,open_close_spread,0.014219689957255192
KO,CatBoostRegressor,sma_5,0.008957824558525833
KO,CatBoostRegressor,sma_10,0.038793098810619764
KO,CatBoostRegressor,sma_20,0.05699261510615578
KO,CatBoostRegressor,sma_50,2.497327142370604
KO,CatBoostRegressor,sma_100,3.2601808776456584
KO,CatBoostRegressor,ema_12,0.0970352875850169
KO,CatBoostRegressor,ema_26,0.1825552561145048
KO,CatBoostRegressor,rsi_14,0.449165349159319
KO,CatBoostRegressor,macd,2.9386501502857194
KO,CatBoostRegressor,macd_signal,3.2267969726850474
KO,CatBoostRegressor,macd_hist,0.5775184287336876
KO,CatBoostRegressor,momentum_10,0.8214860931942767
KO,CatBoostRegressor,roc_10,0.09488710782213369
KO,CatBoostRegressor,roc_20,0.18291092739046932
KO,CatBoostRegressor,roc_60,1.957658662961264
KO,CatBoostRegressor,stoch_k_14,0.04203370400454061
KO,CatBoostRegressor,stoch_d_3,0.48531716668138764
KO,CatBoostRegressor,williams_r_14,0.14232675964137595
KO,CatBoostRegressor,cci_20,0.7410948526260842
KO,CatBoostRegressor,bb_percent_b_20,0.13942252397756458
KO,CatBoostRegressor,bb_bandwidth_20,1.183178532674073
KO,CatBoostRegressor,donchian_pos_20,0.10674025335452204
KO,CatBoostRegressor,rolling_std_10,1.2910066789033932
KO,CatBoostRegressor,rolling_std_20,2.872993428753959
KO,CatBoostRegressor,rolling_std_60,17.796473076793728
KO,CatBoostRegressor,atr_14,2.748526172168728
KO,CatBoostRegressor,adx_14,4.8427025441873335
KO,CatBoostRegressor,sharpe_20,0.7500580368117836
KO,CatBoostRegressor,sharpe_60,3.9443571251459333
KO,CatBoostRegressor,volume_change,0.01134906971998368
KO,CatBoostRegressor,volume_sma_20,0.12539105130971848
KO,CatBoostRegressor,volume_zscore_20,0.18097086790350614
KO,CatBoostRegressor,dollar_volume_20,12.307857137317875
KO,CatBoostRegressor,obv,6.431797338469432
KO,CatBoostRegressor,close_to_52w_high,6.232178076776914
KO,CatBoostRegressor,close_to_52w_low,13.668250148297016
KO,CatBoostRegressor,price_position_252d,5.775472785669979
KO,CatBoostClassifier,return_1d,0.1415207029876163
KO,CatBoostClassifier,return_5d,0.5097544917414918
KO,CatBoostClassifier,return_10d,0.5510511883946572
KO,CatBoostClassifier,return_20d,0.38927775071094217
KO,CatBoostClassifier,log_return_1d,0.0544069320595097
KO,CatBoostClassifier,price_change,0.14151027097234642
KO,CatBoostClassifier,high_low_spread,0.34634486926238905
KO,CatBoostClassifier,open_close_spread,0.02850747241229572
KO,CatBoostClassifier,sma_5,0.25711565339217546
KO,CatBoostClassifier,sma_10,0.33299199911637073
KO,CatBoostClassifier,sma_20,0.27351491027990593
KO,CatBoostClassifier,sma_50,1.449439686734972
KO,CatBoostClassifier,sma_100,2.7336794207331288
KO,CatBoostClassifier,ema_12,0.5538637362479311
KO,CatBoostClassifier,ema_26,0.14660690649549285
KO,CatBoostClassifier,rsi_14,0.6661251343021586
KO,CatBoostClassifier,macd,2.0898832558763103
KO,CatBoostClassifier,macd_signal,1.9795288341779607
KO,CatBoostClassifier,macd_hist,1.790278621837651
KO,CatBoostClassifier,momentum_10,0.9666659289457662
KO,CatBoostClassifier,roc_10,0.5089943682993162
KO,CatBoostClassifier,roc_20,0.5872980804245306
KO,CatBoostClassifier,roc_60,2.3523962896973583
KO,CatBoostClassifier,stoch_k_14,0.1872050761555756
KO,CatBoostClassifier,stoch_d_3,0.4030877643134077
KO,CatBoostClassifier,williams_r_14,0.19856993951293903
KO,CatBoostClassifier,cci_20,0.9365012667620507
KO,CatBoostClassifier,bb_percent_b_20,0.675470795473116
KO,CatBoostClassifier,bb_bandwidth_20,1.0034461386013611
KO,CatBoostClassifier,donchian_pos_20,0.20178134269140371
KO,CatBoostClassifier,rolling_std_10,2.142519883431067
KO,CatBoostClassifier,rolling_std_20,3.3995165472167783
KO,CatBoostClassifier,rolling_std_60,15.844894831052704
KO,CatBoostClassifier,atr_14,3.167939033704686
KO,CatBoostClassifier,adx_14,2.8513120694020473
KO,CatBoostClassifier,sharpe_20,1.274205796708104
KO,CatBoostClassifier,sharpe_60,4.6328379393796295
KO,CatBoostClassifier,volume_change,0.10703454748395334
KO,CatBoostClassifier,volume_sma_20,0.5673719418667071
KO,CatBoostClassifier,volume_zscore_20,0.8433464646694709
KO,CatBoostClassifier,dollar_volume_20,8.774489926446764
KO,CatBoostClassifier,obv,6.0945571127755285
KO,CatBoostClassifier,close_to_52w_high,12.276738245315851
KO,CatBoostClassifier,close_to_52w_low,9.616556951757225
KO,CatBoostClassifier,price_position_252d,5.949859880177338
BAC,RandomForest,return_1d,0.00037361468520522435
BAC,RandomForest,return_5d,0.0023686365895835776
BAC,RandomForest,return_10d,0.0002952624939754208
BAC,RandomForest,return_20d,0.002146081687393477
BAC,RandomForest,log_return_1d,0.00020416716726906728
BAC,RandomForest,price_change,0.0002213006261557735
BAC,RandomForest,high_low_spread,0.0013709076117673993
BAC,RandomForest,open_close_spread,0.00030564161628943935
BAC,RandomForest,sma_5,0.0010223695893826208
BAC,RandomForest,sma_10,0.0012565882520074502
BAC,RandomForest,sma_20,0.0013527229937763305
BAC,RandomForest,sma_50,0.012137793446706065
BAC,RandomForest,sma_100,0.03818992069887151
BAC,RandomForest,ema_12,0.001269287635416046
BAC,RandomForest,ema_26,0.0012758188594794353
BAC,RandomForest,rsi_14,0.002325033448695992
BAC,RandomForest,macd,0.015035061441427472
BAC,RandomForest,macd_signal,0.04176021610739557
BAC,RandomForest,macd_hist,0.004222019210391165
BAC,RandomForest,momentum_10,0.001067158505374845
BAC,RandomForest,roc_10,0.00060111807193774
BAC,RandomForest,roc_20,0.0027260523917725823
BAC,RandomForest,roc_60,0.011383428879573774
BAC,RandomForest,stoch_k_14,0.0007055141725577297
BAC,RandomForest,stoch_d_3,0.001747086982022462
BAC,RandomForest,williams_r_14,0.0003076643713831136
BAC,RandomForest,cci_20,0.002133305970781745
BAC,RandomForest,bb_percent_b_20,0.0010489019974126474
BAC,RandomForest,bb_bandwidth_20,0.006745077229422599
BAC,RandomForest,donchian_pos_20,0.0033690130466089156
BAC,RandomForest,rolling_std_10,0.012742143388580889
BAC,RandomForest,rolling_std_20,0.02348864862544901
BAC,RandomForest,rolling_std_60,0.3656767548637765
BAC,RandomForest,atr_14,0.03573123936361309
BAC,RandomForest,adx_14,0.05255894388670338
BAC,RandomForest,sharpe_20,0.004362707906958882
BAC,RandomForest,sharpe_60,0.012313070651166744
BAC,RandomForest,volume_change,0.0002768702692450374
BAC,RandomForest,volume_sma_20,0.0006691261654244362
BAC,RandomForest,volume_zscore_20,0.0006253189371584111
BAC,RandomForest,dollar_volume_20,0.11557045274641511
BAC,RandomForest,obv,0.04082088867946921
BAC,RandomForest,close_to_52w_high,0.07219977923794359
BAC,RandomForest,close_to_52w_low,0.06268181901884468
BAC,RandomForest,price_position_252d,0.04131547047921408
BAC,CatBoostRegressor,return_1d,0.08019527660162099
BAC,CatBoostRegressor,return_5d,0.11144507091275747
BAC,CatBoostRegressor,return_10d,0.25308613693391374
BAC,CatBoostRegressor,return_20d,0.2458026642689948
BAC,CatBoostRegressor,log_return_1d,0.09068637467311606
BAC,CatBoostRegressor,price_change,0.14377340263675287
BAC,CatBoostRegressor,high_low_spread,0.15832386116258865
BAC,CatBoostRegressor,open_close_spread,0.11933755925935752
BAC,CatBoostRegressor,sma_5,0.10498785666337807
BAC,CatBoostRegressor,sma_10,0.14218911054087316
BAC,CatBoostRegressor,sma_20,0.3692595630788899
BAC,CatBoostRegressor,sma_50,0.43760083096733515
BAC,CatBoostRegressor,sma_100,2.5311105855468243
BAC,CatBoostRegressor,ema_12,0.27646708114309826
BAC,CatBoostRegressor,ema_26,0.34515118305230175
BAC,CatBoostRegressor,rsi_14,0.33558889543826614
BAC,CatBoostRegressor,macd,0.7378006694501915
BAC,CatBoostRegressor,macd_signal,2.296060670207745
BAC,CatBoostRegressor,macd_hist,0.8711023381111225
BAC,CatBoostRegressor,momentum_10,0.6169905462867208
BAC,CatBoostRegressor,roc_10,0.17046955935035196
BAC,CatBoostRegressor,roc_20,0.11746596783663822
BAC,CatBoostRegressor,roc_60,2.407161035368565
BAC,CatBoostRegressor,stoch_k_14,0.004758148999955669
BAC,CatBoostRegressor,stoch_d_3,0.19938037704855213
BAC,CatBoostRegressor,williams_r_14,0.04592982158882244
BAC,CatBoostRegressor,cci_20,0.20856595641629902
BAC,CatBoostRegressor,bb_percent_b_20,0.3931040223458489
BAC,CatBoostRegressor,bb_bandwidth_20,1.5183506954989228
BAC,CatBoostRegressor,donchian_pos_20,0.06930033561022361
BAC,CatBoostRegressor,rolling_std_10,1.9874507967374815
BAC,CatBoostRegressor,rolling_std_20,3.3215712288424957
BAC,CatBoostRegressor,rolling_std_60,22.87557714927969
BAC,CatBoostRegressor,atr_14,2.2743741514347144
BAC,CatBoostRegressor,adx_14,3.6058527292734066
BAC,CatBoostRegressor,sharpe_20,0.45109191665885756
BAC,CatBoostRegressor,sharpe_60,2.431795212391875
BAC,CatBoostRegressor,volume_change,0.010217118217389536
BAC,CatBoostRegressor,volume_sma_20,0.19824022737589098
BAC,CatBoostRegressor,volume_zscore_20,0.08636213855924339
BAC,CatBoostRegressor,dollar_volume_20,11.272325046482878
BAC,CatBoostRegressor,obv,2.505597490349075
BAC,CatBoostRegressor,close_to_52w_high,10.910683247217285
BAC,CatBoostRegressor,close_to_52w_low,17.837181904212116
BAC,CatBoostRegressor,price_position_252d,4.830234045967594
BAC,CatBoostClassifier,return_1d,0.030329733868831997
BAC,CatBoostClassifier,return_5d,0.13183916148604602
BAC,CatBoostClassifier,return_10d,0.07410702997875335
BAC,CatBoostClassifier,return_20d,0.32905960383522115
BAC,CatBoostClassifier,log_return_1d,0.021144108966301495
BAC,CatBoostClassifier,price_change,0.17661278860201057
BAC,CatBoostClassifier,high_low_spread,0.17450762241135734
BAC,CatBoostClassifier,open_close_spread,0.0
BAC,CatBoostClassifier,sma_5,0.23626994534555473
BAC,CatBoostClassifier,sma_10,0.22643424260784026
BAC,CatBoostClassifier,sma_20,0.5471294721210199
BAC,CatBoostClassifier,sma_50,1.3195295096533943
BAC,CatBoostClassifier,sma_100,5.796756704121792
BAC,CatBoostClassifier,ema_12,0.14189703877079834
BAC,CatBoostClassifier,ema_26,0.28437073431345405
BAC,CatBoostClassifier,rsi_14,1.0543762867953468
BAC,CatBoostClassifier,macd,1.1639591715773412
BAC,CatBoostClassifier,macd_signal,1.8286541544324049
BAC,CatBoostClassifier,macd_hist,1.0413862859879202
BAC,CatBoostClassifier,momentum_10,0.401718508167795
BAC,CatBoostClassifier,roc_10,0.24348989647110095
BAC,CatBoostClassifier,roc_20,0.4967985345991803
BAC,CatBoostClassifier,roc_60,4.400323715055297
BAC,CatBoostClassifier,stoch_k_14,0.12444318196166565
BAC,CatBoostClassifier,stoch_d_3,0.4579823853882702
BAC,CatBoostClassifier,williams_r_14,0.13640504451238747
BAC,CatBoostClassifier,cci_20,0.6175560767300841
BAC,CatBoostClassifier,bb_percent_b_20,0.22011104889020564
BAC,CatBoostClassifier,bb_bandwidth_20,1.9663756038725626
BAC,CatBoostClassifier,donchian_pos_20,0.21614151196284612
BAC,CatBoostClassifier,rolling_std_10,1.9367576117273875
BAC,CatBoostClassifier,rolling_std_20,3.964576054784261
BAC,CatBoostClassifier,rolling_std_60,19.39554050545367
BAC,CatBoostClassifier,atr_14,3.27251246207494
BAC,CatBoostClassifier,adx_14,6.096934716206072
BAC,CatBoostClassifier,sharpe_20,0.6465740138398298
BAC,CatBoostClassifier,sharpe_60,2.8060318205692547
BAC,CatBoostClassifier,volume_change,0.09980706381055106
BAC,CatBoostClassifier,volume_sma_20,0.29413105706013287
BAC,CatBoostClassifier,volume_zscore_20,0.2252853846453792
BAC,CatBoostClassifier,dollar_volume_20,10.383988378043176
BAC,CatBoostClassifier,obv,3.6731982270495664
BAC,CatBoostClassifier,close_to_52w_high,8.042099585829298
BAC,CatBoostClassifier,close_to_52w_low,11.266278098474299
BAC,CatBoostClassifier,price_position_252d,4.036575917945405
CVX,RandomForest,return_1d,9.387232333322262e-05
CVX,RandomForest,return_5d,0.0006319726207091922
CVX,RandomForest,return_10d,0.000763825013341712
CVX,RandomForest,return_20d,0.0009925407138592275
CVX,RandomForest,log_return_1d,6.399297298552844e-05
CVX,RandomForest,price_change,0.000131551668000371
CVX,RandomForest,high_low_spread,0.0005783273822751896
CVX,RandomForest,open_close_spread,9.173890362925682e-05
CVX,RandomForest,sma_5,0.00046634189294641635
CVX,RandomForest,sma_10,0.0011578464872079304
CVX,RandomForest,sma_20,0.0017086666400620465
CVX,RandomForest,sma_50,0.010017459545097501
CVX,RandomForest,sma_100,0.05948430527046755
CVX,RandomForest,ema_12,0.0004322694320830024
CVX,RandomForest,ema_26,0.0008841178406809576
CVX,RandomForest,rsi_14,0.0014336258603518757
CVX,RandomForest,macd,0.007013630310245179
CVX,RandomForest,macd_signal,0.026865773686105925
CVX,RandomForest,macd_hist,0.003159951243721386
CVX,RandomForest,momentum_10,0.0013733960153597174
CVX,RandomForest,roc_10,0.0008876770636189811
CVX,RandomForest,roc_20,0.0009200100378553231
CVX,RandomForest,roc_60,0.0035189712308087377
CVX,RandomForest,stoch_k_14,0.0005155061234583656
CVX,RandomForest,stoch_d_3,0.001409248970469321
CVX,RandomForest,williams_r_14,0.0003519761576441243
CVX,RandomForest,cci_20,0.0011067766988047698
CVX,RandomForest,bb_percent_b_20,0.00039421952536906223
CVX,RandomForest,bb_bandwidth_20,0.007343070978161823
CVX,RandomForest,donchian_pos_20,0.0003288799247354844
CVX,RandomForest,rolling_std_10,0.004641292848789507
CVX,RandomForest,rolling_std_20,0.005065918333323244
CVX,RandomForest,rolling_std_60,0.3202045635710265
CVX,RandomForest,atr_14,0.012046045001295403
CVX,RandomForest,adx_14,0.008601414439343197
CVX,RandomForest,sharpe_20,0.0012507789706767702
CVX,RandomForest,sharpe_60,0.12937389598953639
CVX,RandomForest,volume_change,0.00020602095174714053
CVX,RandomForest,volume_sma_20,0.0008468764196578419
CVX,RandomForest,volume_zscore_20,0.0007336233786127234
CVX,RandomForest,dollar_volume_20,0.09364382976270957
CVX,RandomForest,obv,0.02020791598595301
CVX,RandomForest,close_to_52w_high,0.013677241709389852
CVX,RandomForest,close_to_52w_low,0.237794313366208
CVX,RandomForest,price_position_252d,0.01758472673834158
CVX,CatBoostRegressor,return_1d,0.03940211697548104
CVX,CatBoostRegressor,return_5d,0.09132485909130249
CVX,CatBoostRegressor,return_10d,0.09013070033467456
CVX,CatBoostRegressor,return_20d,0.3051882028029384
CVX,CatBoostRegressor,log_return_1d,0.0061914632531425776
CVX,CatBoostRegressor,price_change,0.00858826876669086
CVX,CatBoostRegressor,high_low_spread,0.015946124373641558
CVX,CatBoostRegressor,open_close_spread,0.023083110268242713
CVX,CatBoostRegressor,sma_5,0.06819306744321148
CVX,CatBoostRegressor,sma_10,0.038633353978619965
CVX,CatBoostRegressor,sma_20,0.17784195131776118
CVX,CatBoostRegressor,sma_50,0.8450229815380603
CVX,CatBoostRegressor,sma_100,2.7467637776530793
CVX,CatBoostRegressor,ema_12,0.043413140093554875
CVX,CatBoostRegressor,ema_26,0.07196712568605781
CVX,CatBoostRegressor,rsi_14,0.1227483660056125
CVX,CatBoostRegressor,macd,0.9099483758084403
CVX,CatBoostRegressor,macd_signal,2.006388966601815
CVX,CatBoostRegressor,macd_hist,0.9890864160457324
CVX,CatBoostRegressor,momentum_10,0.05836375341064417
CVX,CatBoostRegressor,roc_10,0.012091286284994089
CVX,CatBoostRegressor,roc_20,0.3146469385172717
CVX,CatBoostRegressor,roc_60,1.5001843851255035
CVX,CatBoostRegressor,stoch_k_14,0.028209407590379033
CVX,CatBoostRegressor,stoch_d_3,0.30308338578111105
CVX,CatBoostRegressor,williams_r_14,0.12179764375833327
CVX,CatBoostRegressor,cci_20,0.353483844196898
CVX,CatBoostRegressor,bb_percent_b_20,0.07087936391670537
CVX,CatBoostRegressor,bb_bandwidth_20,1.3269989399578417
CVX,CatBoostRegressor,donchian_pos_20,0.2292865947104181
CVX,CatBoostRegressor,rolling_std_10,0.35195168260911014
CVX,CatBoostRegressor,rolling_std_20,0.5970449704475221
CVX,CatBoostRegressor,rolling_std_60,27.207481934868586
CVX,CatBoostRegressor,atr_14,1.4837098628414567
CVX,CatBoostRegressor,adx_14,1.8471464711875243
CVX,CatBoostRegressor,sharpe_20,0.12958384409252163
CVX,CatBoostRegressor,sharpe_60,4.480185861609615
CVX,CatBoostRegressor,volume_change,0.03587404402790212
CVX,CatBoostRegressor,volume_sma_20,0.10529633913803581
CVX,CatBoostRegressor,volume_zscore_20,0.08032935691662269
CVX,CatBoostRegressor,dollar_volume_20,13.028498131571133
CVX,CatBoostRegressor,obv,2.9927213570970683
CVX,CatBoostRegressor,close_to_52w_high,2.1220464150985725
CVX,CatBoostRegressor,close_to_52w_low,30.788033270610843
CVX,CatBoostRegressor,price_position_252d,1.8312085465953678
CVX,CatBoostClassifier,return_1d,0.09913689344581376
CVX,CatBoostClassifier,return_5d,0.2796331415900745
CVX,CatBoostClassifier,return_10d,0.2197763162690154
CVX,CatBoostClassifier,return_20d,0.4542548049098067
CVX,CatBoostClassifier,log_return_1d,0.06718988323377749
CVX,CatBoostClassifier,price_change,0.08522255276942237
CVX,CatBoostClassifier,high_low_spread,0.3551851410820404
CVX,CatBoostClassifier,open_close_spread,0.15571323682885577
CVX,CatBoostClassifier,sma_5,0.3878948565841332
CVX,CatBoostClassifier,sma_10,0.3293564698964787
CVX,CatBoostClassifier,sma_20,0.5519361480879044
CVX,CatBoostClassifier,sma_50,2.2492226762462306
CVX,CatBoostClassifier,sma_100,2.0397688903930775
CVX,CatBoostClassifier,ema_12,0.1029731544599265
CVX,CatBoostClassifier,ema_26,0.26732189988100136
CVX,CatBoostClassifier,rsi_14,0.32317883890764915
CVX,CatBoostClassifier,macd,1.5217079609298327
CVX,CatBoostClassifier,macd_signal,4.194551263124231
CVX,CatBoostClassifier,macd_hist,2.3497007196252917
CVX,CatBoostClassifier,momentum_10,0.3398150633460889
CVX,CatBoostClassifier,roc_10,0.3773949880888905
CVX,CatBoostClassifier,roc_20,0.44063796313130066
CVX,CatBoostClassifier,roc_60,1.6692224111694591
CVX,CatBoostClassifier,stoch_k_14,0.26363331563497655
CVX,CatBoostClassifier,stoch_d_3,0.8123354425609118
CVX,CatBoostClassifier,williams_r_14,0.45980988046968574
CVX,CatBoostClassifier,cci_20,0.29388116588355284
CVX,CatBoostClassifier,bb_percent_b_20,0.2945180370968078
CVX,CatBoostClassifier,bb_bandwidth_20,2.111506283710249
CVX,CatBoostClassifier,donchian_pos_20,0.28871508553950725
CVX,CatBoostClassifier,rolling_std_10,1.644961383610737
CVX,CatBoostClassifier,rolling_std_20,2.0307856995005498
CVX,CatBoostClassifier,rolling_std_60,19.24867452899749
CVX,CatBoostClassifier,atr_14,2.962605632193545
CVX,CatBoostClassifier,adx_14,4.034822822643589
CVX,CatBoostClassifier,sharpe_20,0.24657554993079653
CVX,CatBoostClassifier,sharpe_60,1.856886047699489
CVX,CatBoostClassifier,volume_change,0.06391293980463554
CVX,CatBoostClassifier,volume_sma_20,0.1737288911323838
CVX,CatBoostClassifier,volume_zscore_20,0.3307084083985018
CVX,CatBoostClassifier,dollar_volume_20,16.708460063522693
CVX,CatBoostClassifier,obv,2.305586062836781
CVX,CatBoostClassifier,close_to_52w_high,4.4833026579337565
CVX,CatBoostClassifier,close_to_52w_low,16.99294651718146
CVX,CatBoostClassifier,price_position_252d,3.5308483097176198
MCO,RandomForest,return_1d,0.0001785078504808435
MCO,RandomForest,return_5d,0.0013145416633932668
MCO,RandomForest,return_10d,0.0007333201660586424
MCO,RandomForest,return_20d,0.007916544570808164
MCO,RandomForest,log_return_1d,0.0003233093380991224
MCO,RandomForest,price_change,0.0006821047913046382
MCO,RandomForest,high_low_spread,0.0010009750949860562
MCO,RandomForest,open_close_spread,0.00026207626522710165
MCO,RandomForest,sma_5,0.001069499496352875
MCO,RandomForest,sma_10,0.0008841022789273572
MCO,RandomForest,sma_20,0.0019417300073394335
MCO,RandomForest,sma_50,0.011010265963969536
MCO,RandomForest,sma_100,0.058859971510572845
MCO,RandomForest,ema_12,0.000647258760720734
MCO,RandomForest,ema_26,0.0033076852763185035
MCO,RandomForest,rsi_14,0.004195517465177653
MCO,RandomForest,macd,0.010699939620550795
MCO,RandomForest,macd_signal,0.03410338051150612
MCO,RandomForest,macd_hist,0.008907926802707643
MCO,RandomForest,momentum_10,0.0035821337441239807
MCO,RandomForest,roc_10,0.0008506331739673447
MCO,RandomForest,roc_20,0.004988096509944721
MCO,RandomForest,roc_60,0.010401680864494863
MCO,RandomForest,stoch_k_14,0.0006087733731102715
MCO,RandomForest,stoch_d_3,0.005079888771753065
MCO,RandomForest,williams_r_14,0.00036595356135729086
MCO,RandomForest,cci_20,0.015271954991788537
MCO,RandomForest,bb_percent_b_20,0.006630972986952414
MCO,RandomForest,bb_bandwidth_20,0.03733313329246493
MCO,RandomForest,donchian_pos_20,0.0017762655550331659
MCO,RandomForest,rolling_std_10,0.04047449248090219
MCO,RandomForest,rolling_std_20,0.0771763231295944
MCO,RandomForest,rolling_std_60,0.07813621625402209
MCO,RandomForest,atr_14,0.06848888966815152
MCO,RandomForest,adx_14,0.06415121573295084
MCO,RandomForest,sharpe_20,0.004449042536767708
MCO,RandomForest,sharpe_60,0.017180518232882167
MCO,RandomForest,volume_change,0.0002461429549640194
MCO,RandomForest,volume_sma_20,0.00077539430950451
MCO,RandomForest,volume_zscore_20,0.0007911162416876618
MCO,RandomForest,dollar_volume_20,0.14460458665697865
MCO,RandomForest,obv,0.06931636990307423
MCO,RandomForest,close_to_52w_high,0.0418053114652351
MCO,RandomForest,close_to_52w_low,0.13092398504223288
MCO,RandomForest,price_position_252d,0.02655225113156018
MCO,CatBoostRegressor,return_1d,0.054627773964531515
MCO,CatBoostRegressor,return_5d,0.2475244593751047
MCO,CatBoostRegressor,return_10d,0.18665625725544924
MCO,CatBoostRegressor,return_20d,0.6652236659238524
MCO,CatBoostRegressor,log_return_1d,0.0279683209715594
MCO,CatBoostRegressor,price_change,0.3442803098096982
MCO,CatBoostRegressor,high_low_spread,0.22283395782827906
MCO,CatBoostRegressor,open_close_spread,0.0126893400558789
MCO,CatBoostRegressor,sma_5,0.10501812179877244
MCO,CatBoostRegressor,sma_10,0.2136605816247645
MCO,CatBoostRegressor,sma_20,0.018710218817698916
MCO,CatBoostRegressor,sma_50,0.740558484861905
MCO,CatBoostRegressor,sma_100,4.8144003332751035
MCO,CatBoostRegressor,ema_12,0.057564912405881206
MCO,CatBoostRegressor,ema_26,0.036351393881762416
MCO,CatBoostRegressor,rsi_14,0.28196934966146214
MCO,CatBoostRegressor,macd,1.2505462292123433
MCO,CatBoostRegressor,macd_signal,2.862999109381442
MCO,CatBoostRegressor,macd_hist,0.955830905606987
MCO,CatBoostRegressor,momentum_10,0.8139069285017909
MCO,CatBoostRegressor,roc_10,0.18325749851317338
MCO,CatBoostRegressor,roc_20,0.5241172385716003
MCO,CatBoostRegressor,roc_60,1.1841892858950624
MCO,CatBoostRegressor,stoch_k_14,0.052219895461626746
MCO,CatBoostRegressor,stoch_d_3,0.29160726576077634
MCO,CatBoostRegressor,williams_r_14,0.06744788309357042
MCO,CatBoostRegressor,cci_20,1.1725402711595638
MCO,CatBoostRegressor,bb_percent_b_20,0.3108893789829369
MCO,CatBoostRegressor,bb_bandwidth_20,3.097903856167909
MCO,CatBoostRegressor,donchian_pos_20,0.2038378064403786
MCO,CatBoostRegressor,rolling_std_10,1.6424800030007844
MCO,CatBoostRegressor,rolling_std_20,6.921589717463664
MCO,CatBoostRegressor,rolling_std_60,8.406319390632758
MCO,CatBoostRegressor,atr_14,3.1076707641320747
MCO,CatBoostRegressor,adx_14,5.172414270013708
MCO,CatBoostRegressor,sharpe_20,0.4085081722674379
MCO,CatBoostRegressor,sharpe_60,2.115443463002031
MCO,CatBoostRegressor,volume_change,0.03187540470137717
MCO,CatBoostRegressor,volume_sma_20,0.29013419212687
MCO,CatBoostRegressor,volume_zscore_20,0.19996877091064993
MCO,CatBoostRegressor,dollar_volume_20,12.241104281998487
MCO,CatBoostRegressor,obv,8.827291658216632
MCO,CatBoostRegressor,close_to_52w_high,4.031750852196914
MCO,CatBoostRegressor,close_to_52w_low,17.44618895681395
MCO,CatBoostRegressor,price_position_252d,8.155929068261804
MCO,CatBoostClassifier,return_1d,0.12483261752989601
MCO,CatBoostClassifier,return_5d,0.6070536318368996
MCO,CatBoostClassifier,return_10d,0.41092034410227785
MCO,CatBoostClassifier,return_20d,0.7049029214582535
MCO,CatBoostClassifier,log_return_1d,0.07673785604435669
MCO,CatBoostClassifier,price_change,0.3598912536936206
MCO,CatBoostClassifier,high_low_spread,0.25173530020836105
MCO,CatBoostClassifier,open_close_spread,0.08190578656692413
MCO,CatBoostClassifier,sma_5,0.3714719771963379
MCO,CatBoostClassifier,sma_10,0.10644067821431968
MCO,CatBoostClassifier,sma_20,0.6235632346414554
MCO,CatBoostClassifier,sma_50,1.365795560216788
MCO,CatBoostClassifier,sma_100,4.1929771146628925
MCO,CatBoostClassifier,ema_12,0.16493051946518106
MCO,CatBoostClassifier,ema_26,0.3988181596338522
MCO,CatBoostClassifier,rsi_14,1.0893691533684748
MCO,CatBoostClassifier,macd,1.474654415577424
MCO,CatBoostClassifier,macd_signal,1.927945233155408
MCO,CatBoostClassifier,macd_hist,2.1091579248901766
MCO,CatBoostClassifier,momentum_10,0.6991767061476698
MCO,CatBoostClassifier,roc_10,0.5055946731888974
MCO,CatBoostClassifier,roc_20,0.1425707548974844
MCO,CatBoostClassifier,roc_60,3.364985791707344
MCO,CatBoostClassifier,stoch_k_14,0.1096846509721116
MCO,CatBoostClassifier,stoch_d_3,1.0276596531251014
MCO,CatBoostClassifier,williams_r_14,0.12445839336560463
MCO,CatBoostClassifier,cci_20,0.9488913818844482
MCO,CatBoostClassifier,bb_percent_b_20,0.46438100920008074
MCO,CatBoostClassifier,bb_bandwidth_20,5.4921916856172475
MCO,CatBoostClassifier,donchian_pos_20,0.19852781989177798
MCO,CatBoostClassifier,rolling_std_10,1.804466342865448
MCO,CatBoostClassifier,rolling_std_20,8.458781448066299
MCO,CatBoostClassifier,rolling_std_60,10.36806337595498
MCO,CatBoostClassifier,atr_14,2.379025758218602
MCO,CatBoostClassifier,adx_14,4.172353690467232
MCO,CatBoostClassifier,sharpe_20,0.6437848020755486
MCO,CatBoostClassifier,sharpe_60,3.7149185291598923
MCO,CatBoostClassifier,volume_change,0.20522892051975528
MCO,CatBoostClassifier,volume_sma_20,0.4118732960854567
MCO,CatBoostClassifier,volume_zscore_20,0.32079877097526405
MCO,CatBoostClassifier,dollar_volume_20,10.593444321370061
MCO,CatBoostClassifier,obv,5.262116864134789
MCO,CatBoostClassifier,close_to_52w_high,5.283978004229073
MCO,CatBoostClassifier,close_to_52w_low,12.044842786158686
MCO,CatBoostClassifier,price_position_252d,4.815096887258259
OXY,RandomForest,return_1d,0.00011803870189479245
OXY,RandomForest,return_5d,0.00027279120878707567
OXY,RandomForest,return_10d,0.0006551868461099066
OXY,RandomForest,return_20d,0.0007862600250144727
OXY,RandomForest,log_return_1d,9.57835782526921e-05
OXY,RandomForest,price_change,8.730859507537394e-05
OXY,RandomForest,high_low_spread,0.0001863493180856925
OXY,RandomForest,open_close_spread,0.00011247481906526298
OXY,RandomForest,sma_5,0.0002679388631270288
OXY,RandomForest,sma_10,0.00016535715761933984
OXY,RandomForest,sma_20,0.0009255531224387951
OXY,RandomForest,sma_50,0.005509894981750158
OXY,RandomForest,sma_100,0.02988916952400029
OXY,RandomForest,ema_12,0.0002540853353830429
OXY,RandomForest,ema_26,0.0007933143309222267
OXY,RandomForest,rsi_14,0.0008170583224318041
OXY,RandomForest,macd,0.005552767018072632
OXY,RandomForest,macd_signal,0.011977450665957285
OXY,RandomForest,macd_hist,0.0015005243943402929
OXY,RandomForest,momentum_10,0.0005770080987990338
OXY,RandomForest,roc_10,0.0004932316868526967
OXY,RandomForest,roc_20,0.0007330060527928333
OXY,RandomForest,roc_60,0.0036210036744581627
OXY,RandomForest,stoch_k_14,0.00012364843287992659
OXY,RandomForest,stoch_d_3,0.0007771238293764373
OXY,RandomForest,williams_r_14,9.669611333000133e-05
OXY,RandomForest,cci_20,0.0007676531339518358
OXY,RandomForest,bb_percent_b_20,0.00028048558649581277
OXY,RandomForest,bb_bandwidth_20,0.004492952650429473
OXY,RandomForest,donchian_pos_20,0.00040515390134576083
OXY,RandomForest,rolling_std_10,0.001772355828885282
OXY,RandomForest,rolling_std_20,0.003603797487205881
OXY,RandomForest,rolling_std_60,0.44024216031505686
OXY,RandomForest,atr_14,0.00849211346127757
OXY,RandomForest,adx_14,0.004112464166061207
OXY,RandomForest,sharpe_20,0.0015008715091697387
OXY,RandomForest,sharpe_60,0.0029852468697398474
OXY,RandomForest,volume_change,0.00012927972141997957
OXY,RandomForest,volume_sma_20,0.0004279855698631321
OXY,RandomForest,volume_zscore_20,0.00029869135557995764
OXY,RandomForest,dollar_volume_20,0.3769015389818678
OXY,RandomForest,obv,0.020865115487682034
OXY,RandomForest,close_to_52w_high,0.03528308636575063
OXY,RandomForest,close_to_52w_low,0.022624673053841565
OXY,RandomForest,price_position_252d,0.008425349857558502
OXY,CatBoostRegressor,return_1d,0.005404084700601527
OXY,CatBoostRegressor,return_5d,0.044030339961093894
OXY,CatBoostRegressor,return_10d,0.10835400107680708
OXY,CatBoostRegressor,return_20d,0.3421269650052973
OXY,CatBoostRegressor,log_return_1d,0.017809279224876646
OXY,CatBoostRegressor,price_change,0.048887242096300784
OXY,CatBoostRegressor,high_low_spread,0.08425481749681676
OXY,CatBoostRegressor,open_close_spread,0.02177944254751203
OXY,CatBoostRegressor,sma_5,0.07079487564180227
OXY,CatBoostRegressor,sma_10,0.1617045121286567
OXY,CatBoostRegressor,sma_20,0.037867109473438146
OXY,CatBoostRegressor,sma_50,0.1966313735637138
OXY,CatBoostRegressor,sma_100,1.7267413447003328
OXY,CatBoostRegressor,ema_12,0.04401141948932871
OXY,CatBoostRegressor,ema_26,0.10400781331003091
OXY,CatBoostRegressor,rsi_14,0.09484964234944382
OXY,CatBoostRegressor,macd,0.4190698363624318
OXY,CatBoostRegressor,macd_signal,0.987024078995688
OXY,CatBoostRegressor,macd_hist,0.2693049609665729
OXY,CatBoostRegressor,momentum_10,0.2955148827673139
OXY,CatBoostRegressor,roc_10,0.029141275243888758
OXY,CatBoostRegressor,roc_20,0.24228537870634767
OXY,CatBoostRegressor,roc_60,1.4971016126389212
OXY,CatBoostRegressor,stoch_k_14,0.023118780986225083
OXY,CatBoostRegressor,stoch_d_3,0.03518419413675254
OXY,CatBoostRegressor,williams_r_14,0.0
OXY,CatBoostRegressor,cci_20,0.15486419386068287
OXY,CatBoostRegressor,bb_percent_b_20,0.1692347078993484
OXY,CatBoostRegressor,bb_bandwidth_20,0.6122670301762959
OXY,CatBoostRegressor,donchian_pos_20,0.08961854780957439
OXY,CatBoostRegressor,rolling_std_10,0.6728419537757462
OXY,CatBoostRegressor,rolling_std_20,3.784365929800755
OXY,CatBoostRegressor,rolling_std_60,34.927354103978196
OXY,CatBoostRegressor,atr_14,5.81877802959555
OXY,CatBoostRegressor,adx_14,0.7129038304127345
OXY,CatBoostRegressor,sharpe_20,0.0402788669836459
OXY,CatBoostRegressor,sharpe_60,1.5568912716650263
OXY,CatBoostRegressor,volume_change,0.0327058942150295
OXY,CatBoostRegressor,volume_sma_20,0.05573531612737072
OXY,CatBoostRegressor,volume_zscore_20,0.059892771171525874
OXY,CatBoostRegressor,dollar_volume_20,25.421469312315054
OXY,CatBoostRegressor,obv,3.6830781604622795
OXY,CatBoostRegressor,close_to_52w_high,5.1306703526784085
OXY,CatBoostRegressor,close_to_52w_low,8.2161160833761
OXY,CatBoostRegressor,price_position_252d,1.9539343801264775
OXY,CatBoostClassifier,return_1d,0.15908875649388293
OXY,CatBoostClassifier,return_5d,0.09672673843712896
OXY,CatBoostClassifier,return_10d,0.11625582268935643
OXY,CatBoostClassifier,return_20d,0.4090211364787965
OXY,CatBoostClassifier,log_return_1d,0.12063470022159095
OXY,CatBoostClassifier,price_change,0.2620242200625617
OXY,CatBoostClassifier,high_low_spread,0.28178384838676834
OXY,CatBoostClassifier,open_close_spread,0.15410486511741484
OXY,CatBoostClassifier,sma_5,0.501412204141008
OXY,CatBoostClassifier,sma_10,0.09031588759190472
OXY,CatBoostClassifier,sma_20,0.30928560703327135
OXY,CatBoostClassifier,sma_50,2.4283051601351797
OXY,CatBoostClassifier,sma_100,2.992105642332337
OXY,CatBoostClassifier,ema_12,0.17551245946709498
OXY,CatBoostClassifier,ema_26,0.12027559491924986
OXY,CatBoostClassifier,rsi_14,0.4715391974049523
OXY,CatBoostClassifier,macd,1.5894425170440207
OXY,CatBoostClassifier,macd_signal,2.465527519071795
OXY,CatBoostClassifier,macd_hist,0.7011672985263424
OXY,CatBoostClassifier,momentum_10,0.4547644048274004
OXY,CatBoostClassifier,roc_10,0.186236490431574
OXY,CatBoostClassifier,roc_20,0.5532996511185053
OXY,CatBoostClassifier,roc_60,1.4351306673283575
OXY,CatBoostClassifier,stoch_k_14,0.06592654087505702
OXY,CatBoostClassifier,stoch_d_3,0.5746837773462413
OXY,CatBoostClassifier,williams_r_14,0.08910983901392983
OXY,CatBoostClassifier,cci_20,0.3289166817072126
OXY,CatBoostClassifier,bb_percent_b_20,0.34649136484316234
OXY,CatBoostClassifier,bb_bandwidth_20,1.9027777473655287
OXY,CatBoostClassifier,donchian_pos_20,0.2868241019853938
OXY,CatBoostClassifier,rolling_std_10,3.8803696333510618
OXY,CatBoostClassifier,rolling_std_20,3.0561747684928298
OXY,CatBoostClassifier,rolling_std_60,22.96823942637647
OXY,CatBoostClassifier,atr_14,4.657493863970758
OXY,CatBoostClassifier,adx_14,1.7076795115948311
OXY,CatBoostClassifier,sharpe_20,0.7561937099653543
OXY,CatBoostClassifier,sharpe_60,2.1138677895264006
OXY,CatBoostClassifier,volume_change,0.056842028178656516
OXY,CatBoostClassifier,volume_sma_20,0.17629109646365926
OXY,CatBoostClassifier,volume_zscore_20,0.29542305328646395
OXY,CatBoostClassifier,dollar_volume_20,16.55021286700421
OXY,CatBoostClassifier,obv,4.256812406018865
OXY,CatBoostClassifier,close_to_52w_high,7.071812982256306
OXY,CatBoostClassifier,close_to_52w_low,8.72914007941913
OXY,CatBoostClassifier,price_position_252d,4.054756341697976
CB,RandomForest,return_1d,0.00030642017186268235
CB,RandomForest,return_5d,0.0009273408573255815
CB,RandomForest,return_10d,0.0006905840633259777
CB,RandomForest,return_20d,0.0013943225990727956
CB,RandomForest,log_return_1d,0.00017233047275864207
CB,RandomForest,price_change,0.00018342330444694953
CB,RandomForest,high_low_spread,0.0012596349038502383
CB,RandomForest,open_close_spread,0.00018711652178126173
CB,RandomForest,sma_5,0.0007252046961617045
CB,RandomForest,sma_10,0.0008774144728195214
CB,RandomForest,sma_20,0.0011299037287344235
CB,RandomForest,sma_50,0.01638252425014048
CB,RandomForest,sma_100,0.07069549568208602
CB,RandomForest,ema_12,0.0009018289727820895
CB,RandomForest,ema_26,0.0017516449470894478
CB,RandomForest,rsi_14,0.0025516822321873613
CB,RandomForest,macd,0.007048834905711533
CB,RandomForest,macd_signal,0.016607158105854516
CB,RandomForest,macd_hist,0.0033042458950320853
CB,RandomForest,momentum_10,0.0011568951810253315
CB,RandomForest,roc_10,0.0007710606447339416
CB,RandomForest,roc_20,0.0013403945464520138
CB,RandomForest,roc_60,0.01988812657649229
CB,RandomForest,stoch_k_14,0.00048689145866910447
CB,RandomForest,stoch_d_3,0.0024899524998388592
CB,RandomForest,williams_r_14,0.0006146507452353822
CB,RandomForest,cci_20,0.002199719187026699
CB,RandomForest,bb_percent_b_20,0.0009938301535652955
CB,RandomForest,bb_bandwidth_20,0.007190270499816658
CB,RandomForest,donchian_pos_20,0.0016068989739431447
CB,RandomForest,rolling_std_10,0.006835617077002353
CB,RandomForest,rolling_std_20,0.013070533367106505
CB,RandomForest,rolling_std_60,0.11958091831234888
CB,RandomForest,atr_14,0.018670846464320275
CB,RandomForest,adx_14,0.018894367480386618
CB,RandomForest,sharpe_20,0.0023518260922884317
CB,RandomForest,sharpe_60,0.01101534231414038
CB,RandomForest,volume_change,0.0001850034517640186
CB,RandomForest,volume_sma_20,0.0004623162819610641
CB,RandomForest,volume_zscore_20,0.0005162041102967052
CB,RandomForest,dollar_volume_20,0.15765734423972813
CB,RandomForest,obv,0.021679755435525912
CB,RandomForest,close_to_52w_high,0.2067751272132555
CB,RandomForest,close_to_52w_low,0.17443884876596438
CB,RandomForest,price_position_252d,0.08203014814408884
CB,CatBoostRegressor,return_1d,0.01829683811008582
CB,CatBoostRegressor,return_5d,0.02635616792593983
CB,CatBoostRegressor,return_10d,0.16409165304583959
CB,CatBoostRegressor,return_20d,0.5934310521967827
CB,CatBoostRegressor,log_return_1d,0.021380842374527233
CB,CatBoostRegressor,price_change,0.05739070108636359
CB,CatBoostRegressor,high_low_spread,0.1283215181204458
CB,CatBoostRegressor,open_close_spread,0.0332217144784586
CB,CatBoostRegressor,sma_5,0.07828580741131813
CB,CatBoostRegressor,sma_10,0.024909919423937433
CB,CatBoostRegressor,sma_20,0.4113708422495129
CB,CatBoostRegressor,sma_50,0.5238870002615357
CB,CatBoostRegressor,sma_100,4.939458872331062
CB,CatBoostRegressor,ema_12,0.06399813942073694
CB,CatBoostRegressor,ema_26,0.2999114479926236
CB,CatBoostRegressor,rsi_14,0.27302790763476725
CB,CatBoostRegressor,macd,0.5394284024083101
CB,CatBoostRegressor,macd_signal,1.6562923922887733
CB,CatBoostRegressor,macd_hist,0.3351441930911936
CB,CatBoostRegressor,momentum_10,0.0784521771907592
CB,CatBoostRegressor,roc_10,0.0744002910567056
CB,CatBoostRegressor,roc_20,0.12371298465813294
CB,CatBoostRegressor,roc_60,1.6764824771493747
CB,CatBoostRegressor,stoch_k_14,0.16454438957406073
CB,CatBoostRegressor,stoch_d_3,0.08957767228517131
CB,CatBoostRegressor,williams_r_14,0.07780416666098156
CB,CatBoostRegressor,cci_20,0.06441832834358592
CB,CatBoostRegressor,bb_percent_b_20,0.054233712051163875
CB,CatBoostRegressor,bb_bandwidth_20,1.3586581418556278
CB,CatBoostRegressor,donchian_pos_20,0.5431178342740851
CB,CatBoostRegressor,rolling_std_10,0.7504352896948966
CB,CatBoostRegressor,rolling_std_20,1.7435980562174749
CB,CatBoostRegressor,rolling_std_60,10.837804500812334
CB,CatBoostRegressor,atr_14,2.7067743154575155
CB,CatBoostRegressor,adx_14,2.87302258087667
CB,CatBoostRegressor,sharpe_20,0.47766528822448007
CB,CatBoostRegressor,sharpe_60,1.1121445191678898
CB,CatBoostRegressor,volume_change,0.013187291826567344
CB,CatBoostRegressor,volume_sma_20,0.07928884995485938
CB,CatBoostRegressor,volume_zscore_20,0.0
CB,CatBoostRegressor,dollar_volume_20,13.734748435510099
CB,CatBoostRegressor,obv,2.467509604687759
CB,CatBoostRegressor,close_to_52w_high,17.61223982695131
CB,CatBoostRegressor,close_to_52w_low,21.131609004374596
CB,CatBoostRegressor,price_position_252d,9.966364849291702
CB,CatBoostClassifier,return_1d,0.03782825245622083
CB,CatBoostClassifier,return_5d,0.4679636491474801
CB,CatBoostClassifier,return_10d,0.23431066399227918
CB,CatBoostClassifier,return_20d,0.10579422531244177
CB,CatBoostClassifier,log_return_1d,0.04492097200187032
CB,CatBoostClassifier,price_change,0.21461685042760303
CB,CatBoostClassifier,high_low_spread,0.13648308292261577
CB,CatBoostClassifier,open_close_spread,0.10825171930683855
CB,CatBoostClassifier,sma_5,0.25038617684835546
CB,CatBoostClassifier,sma_10,0.47700734003674
CB,CatBoostClassifier,sma_20,0.1856306188585623
CB,CatBoostClassifier,sma_50,0.611501199485887
CB,CatBoostClassifier,sma_100,3.329964460125448
CB,CatBoostClassifier,ema_12,0.24156466923023795
CB,CatBoostClassifier,ema_26,0.5473116423226067
CB,CatBoostClassifier,rsi_14,0.5485635589500573
CB,CatBoostClassifier,macd,0.6893564193081483
CB,CatBoostClassifier,macd_signal,3.280984047492185
CB,CatBoostClassifier,macd_hist,0.9145652492596265
CB,CatBoostClassifier,momentum_10,0.8495071884151433
CB,CatBoostClassifier,roc_10,0.1284057676841047
CB,CatBoostClassifier,roc_20,0.371681720235316
CB,CatBoostClassifier,roc_60,1.4767438665218642
CB,CatBoostClassifier,stoch_k_14,0.2888786179973267
CB,CatBoostClassifier,stoch_d_3,0.2524440283417473
CB,CatBoostClassifier,williams_r_14,0.11213383054646113
CB,CatBoostClassifier,cci_20,0.3826020501445606
CB,CatBoostClassifier,bb_percent_b_20,0.14837631236795534
CB,CatBoostClassifier,bb_bandwidth_20,1.9664231226026672
CB,CatBoostClassifier,donchian_pos_20,0.04421404091811725
CB,CatBoostClassifier,rolling_std_10,0.9927191544692299
CB,CatBoostClassifier,rolling_std_20,1.8078554645181382
CB,CatBoostClassifier,rolling_std_60,13.66029640779696
CB,CatBoostClassifier,atr_14,3.6045257974281864
CB,CatBoostClassifier,adx_14,6.096742827814375
CB,CatBoostClassifier,sharpe_20,0.38079538788356304
CB,CatBoostClassifier,sharpe_60,3.460395794132296
CB,CatBoostClassifier,volume_change,0.2856447325130796
CB,CatBoostClassifier,volume_sma_20,0.5507444197018688
CB,CatBoostClassifier,volume_zscore_20,0.18419359364902854
CB,CatBoostClassifier,dollar_volume_20,7.863850192939748
CB,CatBoostClassifier,obv,3.21320235677742
CB,CatBoostClassifier,close_to_52w_high,8.144211504578603
CB,CatBoostClassifier,close_to_52w_low,24.1866737136852
CB,CatBoostClassifier,price_position_252d,7.119733308851859
KHC,RandomForest,return_1d,0.00021158844899089331
KHC,RandomForest,return_5d,0.0011403476822941514
KHC,RandomForest,return_10d,0.0005127811713638973
KHC,RandomForest,return_20d,0.0019615223746616505
KHC,RandomForest,log_return_1d,0.0003688891017010566
KHC,RandomForest,price_change,0.00014226735920351737
KHC,RandomForest,high_low_spread,0.004188130638419216
KHC,RandomForest,open_close_spread,0.00014143689651201783
KHC,RandomForest,sma_5,0.0013089503441729652
KHC,RandomForest,sma_10,0.0010968086102567047
KHC,RandomForest,sma_20,0.0009664585198386312
KHC,RandomForest,sma_50,0.015497961407447509
KHC,RandomForest,sma_100,0.0425040088774071
KHC,RandomForest,ema_12,0.0011698316886421297
KHC,RandomForest,ema_26,0.0019557678102001225
KHC,RandomForest,rsi_14,0.008849569200859813
KHC,RandomForest,macd,0.052477031584870444
KHC,RandomForest,macd_signal,0.047761850293881164
KHC,RandomForest,macd_hist,0.00692019924986825
KHC,RandomForest,momentum_10,0.000982322335133748
KHC,RandomForest,roc_10,0.0003282132870999481
KHC,RandomForest,roc_20,0.0021840572747034775
KHC,RandomForest,roc_60,0.03446351947004478
KHC,RandomForest,stoch_k_14,0.0007801486709616843
KHC,RandomForest,stoch_d_3,0.0038678341889282534
KHC,RandomForest,williams_r_14,0.0006684394740587374
KHC,RandomForest,cci_20,0.0023856693615422423
KHC,RandomForest,bb_percent_b_20,0.0005450091734326655
KHC,RandomForest,bb_bandwidth_20,0.006482323941867398
KHC,RandomForest,donchian_pos_20,0.0010619833304482055
KHC,RandomForest,rolling_std_10,0.008286297227278886
KHC,RandomForest,rolling_std_20,0.014651450043342683
KHC,RandomForest,rolling_std_60,0.032916641399695884
KHC,RandomForest,atr_14,0.16282149550919453
KHC,RandomForest,adx_14,0.03687340176708809
KHC,RandomForest,sharpe_20,0.008005298395681353
KHC,RandomForest,sharpe_60,0.027689361521098223
KHC,RandomForest,volume_change,0.00042199752668735667
KHC,RandomForest,volume_sma_20,0.0007308941794506157
KHC,RandomForest,volume_zscore_20,0.0007696282817806952
KHC,RandomForest,dollar_volume_20,0.09719026602381202
KHC,RandomForest,obv,0.04419185240227869
KHC,RandomForest,close_to_52w_high,0.19887524775386267
KHC,RandomForest,close_to_52w_low,0.10298827828546689
KHC,RandomForest,price_position_252d,0.02066296791446919
KHC,CatBoostRegressor,return_1d,0.013085491027582382
KHC,CatBoostRegressor,return_5d,0.2726937949853241
KHC,CatBoostRegressor,return_10d,0.32394297557352875
KHC,CatBoostRegressor,return_20d,1.4335709054709047
KHC,CatBoostRegressor,log_return_1d,0.02166358122973652
KHC,CatBoostRegressor,price_change,0.017488403292652024
KHC,CatBoostRegressor,high_low_spread,1.0579249070217738
KHC,CatBoostRegressor,open_close_spread,0.11590841502190596
KHC,CatBoostRegressor,sma_5,0.15168466554215118
KHC,CatBoostRegressor,sma_10,0.13113226990956223
KHC,CatBoostRegressor,sma_20,0.3169229003499825
KHC,CatBoostRegressor,sma_50,0.4658357148878336
KHC,CatBoostRegressor,sma_100,7.094451737051101
KHC,CatBoostRegressor,ema_12,0.1407520153893706
KHC,CatBoostRegressor,ema_26,0.6946510337342724
KHC,CatBoostRegressor,rsi_14,0.4851745956854817
KHC,CatBoostRegressor,macd,2.857380495014124
KHC,CatBoostRegressor,macd_signal,1.696208798599021
KHC,CatBoostRegressor,macd_hist,1.0607483558949076
KHC,CatBoostRegressor,momentum_10,0.2936487949754356
KHC,CatBoostRegressor,roc_10,0.562089682289587
KHC,CatBoostRegressor,roc_20,0.2319417553236708
KHC,CatBoostRegressor,roc_60,3.393524124973357
KHC,CatBoostRegressor,stoch_k_14,0.11341639980811678
KHC,CatBoostRegressor,stoch_d_3,0.3678127357268603
KHC,CatBoostRegressor,williams_r_14,0.09483295598696498
KHC,CatBoostRegressor,cci_20,0.269361071625313
KHC,CatBoostRegressor,bb_percent_b_20,0.28931577073587605
KHC,CatBoostRegressor,bb_bandwidth_20,0.2898450911951373
KHC,CatBoostRegressor,donchian_pos_20,0.2717059186308663
KHC,CatBoostRegressor,rolling_std_10,1.3368319935108055
KHC,CatBoostRegressor,rolling_std_20,6.3998167631004375
KHC,CatBoostRegressor,rolling_std_60,4.470281025839955
KHC,CatBoostRegressor,atr_14,9.134491317609895
KHC,CatBoostRegressor,adx_14,2.17373724773801
KHC,CatBoostRegressor,sharpe_20,0.7881815850884617
KHC,CatBoostRegressor,sharpe_60,3.4241389460907508
KHC,CatBoostRegressor,volume_change,0.015398549626093747
KHC,CatBoostRegressor,volume_sma_20,0.057828845533442225
KHC,CatBoostRegressor,volume_zscore_20,0.039989497432784675
KHC,CatBoostRegressor,dollar_volume_20,8.636089775833334
KHC,CatBoostRegressor,obv,4.12308616334938
KHC,CatBoostRegressor,close_to_52w_high,19.264614757593044
KHC,CatBoostRegressor,close_to_52w_low,13.656526577142046
KHC,CatBoostRegressor,price_position_252d,1.9502715975591274
KHC,CatBoostClassifier,return_1d,0.08231978385568557
KHC,CatBoostClassifier,return_5d,0.11795413323727737
KHC,CatBoostClassifier,return_10d,0.24777321871263522
KHC,CatBoostClassifier,return_20d,0.5015282203593201
KHC,CatBoostClassifier,log_return_1d,0.03159499210565833
KHC,CatBoostClassifier,price_change,0.045298232734239524
KHC,CatBoostClassifier,high_low_spread,0.41702225566511436
KHC,CatBoostClassifier,open_close_spread,0.09471660138419767
KHC,CatBoostClassifier,sma_5,0.1318989530378088
KHC,CatBoostClassifier,sma_10,0.14935717276580596
KHC,CatBoostClassifier,sma_20,0.4795431256212631
KHC,CatBoostClassifier,sma_50,1.675183016287242
KHC,CatBoostClassifier,sma_100,4.639962659391805
KHC,CatBoostClassifier,ema_12,0.15706405414975155
KHC,CatBoostClassifier,ema_26,0.3382608374641611
KHC,CatBoostClassifier,rsi_14,0.44373728670472795
KHC,CatBoostClassifier,macd,1.7478946713187413
KHC,CatBoostClassifier,macd_signal,2.1154536800012806
KHC,CatBoostClassifier,macd_hist,1.2437248954718536
KHC,CatBoostClassifier,momentum_10,0.15594627556707907
KHC,CatBoostClassifier,roc_10,0.45426747272225304
KHC,CatBoostClassifier,roc_20,0.734873225686143
KHC,CatBoostClassifier,roc_60,2.694800229228471
KHC,CatBoostClassifier,stoch_k_14,0.30237648836961384
KHC,CatBoostClassifier,stoch_d_3,0.4457045207091497
KHC,CatBoostClassifier,williams_r_14,0.24653384326699665
KHC,CatBoostClassifier,cci_20,0.31115778169759356
KHC,CatBoostClassifier,bb_percent_b_20,0.1849246390680742
KHC,CatBoostClassifier,bb_bandwidth_20,1.330023273520484
KHC,CatBoostClassifier,donchian_pos_20,0.3566703901815384
KHC,CatBoostClassifier,rolling_std_10,1.8695939407300681
KHC,CatBoostClassifier,rolling_std_20,4.00767578746716
KHC,CatBoostClassifier,rolling_std_60,12.455464356348232
KHC,CatBoostClassifier,atr_14,4.138240839111757
KHC,CatBoostClassifier,adx_14,2.2901603388579166
KHC,CatBoostClassifier,sharpe_20,0.3387093261617794
KHC,CatBoostClassifier,sharpe_60,3.211464495400839
KHC,CatBoostClassifier,volume_change,0.12977954326360727
KHC,CatBoostClassifier,volume_sma_20,0.10333143711686532
KHC,CatBoostClassifier,volume_zscore_20,0.16028213554149745
KHC,CatBoostClassifier,dollar_volume_20,7.570281269893337
KHC,CatBoostClassifier,obv,4.011518364846592
KHC,CatBoostClassifier,close_to_52w_high,24.464768290797707
KHC,CatBoostClassifier,close_to_52w_low,8.878161325313911
KHC,CatBoostClassifier,price_position_252d,4.493002618862781
GOOGL,RandomForest,return_1d,0.00020641258417256126
GOOGL,RandomForest,return_5d,0.0016268501142422584
GOOGL,RandomForest,return_10d,0.00076602566386569
GOOGL,RandomForest,return_20d,0.0011022924514225575
GOOGL,RandomForest,log_return_1d,0.0002619694002252721
GOOGL,RandomForest,price_change,0.0006108890751684062
GOOGL,RandomForest,high_low_spread,0.0013769676278383067
GOOGL,RandomForest,open_close_spread,0.00020979608365544083
GOOGL,RandomForest,sma_5,0.000786848388689997
GOOGL,RandomForest,sma_10,0.0011552062493289921
GOOGL,RandomForest,sma_20,0.0014318268646852223
GOOGL,RandomForest,sma_50,0.009410671850534525
GOOGL,RandomForest,sma_100,0.016061676031012176
GOOGL,RandomForest,ema_12,0.0008895078566427073
GOOGL,RandomForest,ema_26,0.0032843540661462896
GOOGL,RandomForest,rsi_14,0.002614703607440114
GOOGL,RandomForest,macd,0.009762454565242686
GOOGL,RandomForest,macd_signal,0.014187622975339487
GOOGL,RandomForest,macd_hist,0.006013995646713235
GOOGL,RandomForest,momentum_10,0.002152491615017513
GOOGL,RandomForest,roc_10,0.00078751615275312
GOOGL,RandomForest,roc_20,0.0018263796614168013
GOOGL,RandomForest,roc_60,0.01806339208541725
GOOGL,RandomForest,stoch_k_14,0.0006238452253876509
GOOGL,RandomForest,stoch_d_3,0.0030889080063153294
GOOGL,RandomForest,williams_r_14,0.000603445135830875
GOOGL,RandomForest,cci_20,0.002182961654222233
GOOGL,RandomForest,bb_percent_b_20,0.0008416946255888629
GOOGL,RandomForest,bb_bandwidth_20,0.07445382679353782
GOOGL,RandomForest,donchian_pos_20,0.004026547890527775
GOOGL,RandomForest,rolling_std_10,0.014748060495796475
GOOGL,RandomForest,rolling_std_20,0.06273305057878181
GOOGL,RandomForest,rolling_std_60,0.25300561652483544
GOOGL,RandomForest,atr_14,0.025337483150168493
GOOGL,RandomForest,adx_14,0.008451775239409978
GOOGL,RandomForest,sharpe_20,0.003959928049571328
GOOGL,RandomForest,sharpe_60,0.027360691640879817
GOOGL,RandomForest,volume_change,0.0004264840398481036
GOOGL,RandomForest,volume_sma_20,0.0006552394401471844
GOOGL,RandomForest,volume_zscore_20,0.00048287929348548117
GOOGL,RandomForest,dollar_volume_20,0.21285665641123233
GOOGL,RandomForest,obv,0.010201670095324512
GOOGL,RandomForest,close_to_52w_high,0.04681012757172122
GOOGL,RandomForest,close_to_52w_low,0.13785771344494163
GOOGL,RandomForest,price_position_252d,0.01470154407547507
GOOGL,CatBoostRegressor,return_1d,0.04042738710835978
GOOGL,CatBoostRegressor,return_5d,0.03416681748783898
GOOGL,CatBoostRegressor,return_10d,0.09782667031879491
GOOGL,CatBoostRegressor,return_20d,0.3644386376248131
GOOGL,CatBoostRegressor,log_return_1d,0.02742412862004835
GOOGL,CatBoostRegressor,price_change,0.36188993926277035
GOOGL,CatBoostRegressor,high_low_spread,0.07313955858668775
GOOGL,CatBoostRegressor,open_close_spread,0.01748072103567117
GOOGL,CatBoostRegressor,sma_5,0.016819512815499173
GOOGL,CatBoostRegressor,sma_10,0.044788703533537075
GOOGL,CatBoostRegressor,sma_20,0.20218515854835015
GOOGL,CatBoostRegressor,sma_50,0.49095253248731285
GOOGL,CatBoostRegressor,sma_100,3.3159389176541203
GOOGL,CatBoostRegressor,ema_12,0.004580421809238114
GOOGL,CatBoostRegressor,ema_26,0.020416171792241374
GOOGL,CatBoostRegressor,rsi_14,0.17020940184272862
GOOGL,CatBoostRegressor,macd,0.749542525189941
GOOGL,CatBoostRegressor,macd_signal,1.9790376720653937
GOOGL,CatBoostRegressor,macd_hist,1.0564181733059197
GOOGL,CatBoostRegressor,momentum_10,0.30836513441532776
GOOGL,CatBoostRegressor,roc_10,0.18530447628366534
GOOGL,CatBoostRegressor,roc_20,0.35323523366924686
GOOGL,CatBoostRegressor,roc_60,1.363462083809212
GOOGL,CatBoostRegressor,stoch_k_14,0.08870691037120709
GOOGL,CatBoostRegressor,stoch_d_3,0.08076591786841546
GOOGL,CatBoostRegressor,williams_r_14,0.03047488460684679
GOOGL,CatBoostRegressor,cci_20,0.551263429811696
GOOGL,CatBoostRegressor,bb_percent_b_20,0.11154090790157342
GOOGL,CatBoostRegressor,bb_bandwidth_20,4.342638114093724
GOOGL,CatBoostRegressor,donchian_pos_20,0.7332896290363189
GOOGL,CatBoostRegressor,rolling_std_10,1.840848403366576
GOOGL,CatBoostRegressor,rolling_std_20,4.404033045013737
GOOGL,CatBoostRegressor,rolling_std_60,16.86926646562317
GOOGL,CatBoostRegressor,atr_14,3.065603608777156
GOOGL,CatBoostRegressor,adx_14,2.0990151935912196
GOOGL,CatBoostRegressor,sharpe_20,0.11626426493920279
GOOGL,CatBoostRegressor,sharpe_60,1.8493644459643364
GOOGL,CatBoostRegressor,volume_change,0.04434794954732106
GOOGL,CatBoostRegressor,volume_sma_20,0.045982186373830725
GOOGL,CatBoostRegressor,volume_zscore_20,0.04395473816396801
GOOGL,CatBoostRegressor,dollar_volume_20,22.297557570009143
GOOGL,CatBoostRegressor,obv,1.664034251725313
GOOGL,CatBoostRegressor,close_to_52w_high,8.329819374910329
GOOGL,CatBoostRegressor,close_to_52w_low,18.924642044832943
GOOGL,CatBoostRegressor,price_position_252d,1.188536684205239
GOOGL,CatBoostClassifier,return_1d,0.12397243715927539
GOOGL,CatBoostClassifier,return_5d,0.10899477517589279
GOOGL,CatBoostClassifier,return_10d,0.16719793792580123
GOOGL,CatBoostClassifier,return_20d,0.45802934399414985
GOOGL,CatBoostClassifier,log_return_1d,0.03300490253811078
GOOGL,CatBoostClassifier,price_change,0.7728948962130375
GOOGL,CatBoostClassifier,high_low_spread,0.21604003238936972
GOOGL,CatBoostClassifier,open_close_spread,0.19562255497764533
GOOGL,CatBoostClassifier,sma_5,0.20445676174785388
GOOGL,CatBoostClassifier,sma_10,0.19960018056981282
GOOGL,CatBoostClassifier,sma_20,0.389023251646877
GOOGL,CatBoostClassifier,sma_50,0.6150156785692961
GOOGL,CatBoostClassifier,sma_100,5.349330979595868
GOOGL,CatBoostClassifier,ema_12,0.25708286931900814
GOOGL,CatBoostClassifier,ema_26,0.23117758860437496
GOOGL,CatBoostClassifier,rsi_14,0.5235949383237276
GOOGL,CatBoostClassifier,macd,1.268949822822548
GOOGL,CatBoostClassifier,macd_signal,2.034636709999847
GOOGL,CatBoostClassifier,macd_hist,1.0290685510136588
GOOGL,CatBoostClassifier,momentum_10,0.5292774520665411
GOOGL,CatBoostClassifier,roc_10,0.16399753606211653
GOOGL,CatBoostClassifier,roc_20,0.7952860879551351
GOOGL,CatBoostClassifier,roc_60,1.6494888203574791
GOOGL,CatBoostClassifier,stoch_k_14,0.49811848673160475
GOOGL,CatBoostClassifier,stoch_d_3,0.3492373648852267
GOOGL,CatBoostClassifier,williams_r_14,0.22474277963350278
GOOGL,CatBoostClassifier,cci_20,0.9806041272074828
GOOGL,CatBoostClassifier,bb_percent_b_20,0.14756830228170983
GOOGL,CatBoostClassifier,bb_bandwidth_20,3.245486194660848
GOOGL,CatBoostClassifier,donchian_pos_20,0.3150939255643999
GOOGL,CatBoostClassifier,rolling_std_10,2.7340889996764255
GOOGL,CatBoostClassifier,rolling_std_20,7.288386688089105
GOOGL,CatBoostClassifier,rolling_std_60,16.435003967267075
GOOGL,CatBoostClassifier,atr_14,2.1882202417398617
GOOGL,CatBoostClassifier,adx_14,2.9624480604739047
GOOGL,CatBoostClassifier,sharpe_20,0.4057195951998921
GOOGL,CatBoostClassifier,sharpe_60,2.104822546011752
GOOGL,CatBoostClassifier,volume_change,0.11660604535346296
GOOGL,CatBoostClassifier,volume_sma_20,0.3902425060474944
GOOGL,CatBoostClassifier,volume_zscore_20,0.13623130813079834
GOOGL,CatBoostClassifier,dollar_volume_20,17.82124545692084
GOOGL,CatBoostClassifier,obv,4.78440730680348
GOOGL,CatBoostClassifier,close_to_52w_high,7.144843548532812
GOOGL,CatBoostClassifier,close_to_52w_low,9.35766850739238
GOOGL,CatBoostClassifier,price_position_252d,3.0534699323684893
